{
	"pattrstorage" : 	{
		"name" : "eq~",
		"slots" : 		{
			"1" : 			{
				"id" : 1,
				"data" : 				{
					"effect" : [ 1.0 ],
					"off_mode" : [ 0.0 ],
					"fade_in" : [ 250.0 ],
					"fade_out" : [ 250.0 ],
					"mode" : [ 3.0 ],
					"dry_wet" : [ 100.0 ],
					"nfilters" : [ 6.0 ],
					"filtergraph" : [ 6, 0, 3, 1, 0, 0, 122.578285217285156, 1.598521709442139, 5.237508773803711, 1, 5, 1, 0, 0, 60.571079254150391, 4.128135681152344, 2.749370813369751, 2, 5, 1, 0, 0, 246.033905029296875, 19.604907989501953, 2.5, 3, 5, 1, 0, 0, 7430.97607421875, 66.344871520996094, 0.186565488576889, 4, 5, 1, 0, 0, 471.029205322265625, 9.098855972290039, 2.832257032394409, 5, 5, 1, 0, 0, 1326.89599609375, 5.792455673217773, 1.006856560707092 ]
				}

			}

		}

	}

}
