{
	"pattrstorage" : 	{
		"name" : "variable_delay~",
		"slots" : 		{
			"1" : 			{
				"id" : 1,
				"data" : 				{
					"effect" : [ 1.0 ],
					"min_delay" : [ 333.000000000000057 ],
					"max_delay" : [ 999.999999999999886 ],
					"rate" : [ 1.0 ],
					"feedback" : [ 0.0 ],
					"dry_wet" : [ 75.0 ],
					"lfo" : [ 1.0 ],
					"off_mode" : [ 1.0 ],
					"delay_time" : [ 500.000000000000114 ],
					"fade_in" : [ 250.0 ],
					"fade_out" : [ 250.0 ]
				}

			}
,
			"2" : 			{
				"id" : 2,
				"data" : 				{
					"effect" : [ 1.0 ],
					"min_delay" : [ 100.000000000000043 ],
					"max_delay" : [ 1333.0 ],
					"rate" : [ 2.0 ],
					"feedback" : [ 15.0 ],
					"dry_wet" : [ 90.0 ],
					"lfo" : [ 1.0 ],
					"off_mode" : [ 1.0 ],
					"delay_time" : [ 500.000000000000114 ],
					"fade_in" : [ 250.0 ],
					"fade_out" : [ 250.0 ]
				}

			}
,
			"3" : 			{
				"id" : 3,
				"data" : 				{
					"effect" : [ 1.0 ],
					"min_delay" : [ 50.000000000000014 ],
					"max_delay" : [ 2000.000000000000455 ],
					"rate" : [ 5.000000000000001 ],
					"feedback" : [ 20.0 ],
					"dry_wet" : [ 100.0 ],
					"lfo" : [ 1.0 ],
					"off_mode" : [ 1.0 ],
					"delay_time" : [ 500.000000000000114 ],
					"fade_in" : [ 250.0 ],
					"fade_out" : [ 250.0 ]
				}

			}
,
			"4" : 			{
				"id" : 4,
				"data" : 				{
					"effect" : [ 1.0 ],
					"min_delay" : [ 5.0 ],
					"max_delay" : [ 5000.0 ],
					"rate" : [ 10.0 ],
					"feedback" : [ 20.0 ],
					"dry_wet" : [ 100.0 ],
					"lfo" : [ 1.0 ],
					"off_mode" : [ 1.0 ],
					"delay_time" : [ 500.000000000000114 ],
					"fade_in" : [ 250.0 ],
					"fade_out" : [ 250.0 ]
				}

			}

		}

	}

}
