{
	"pattrstorage" : 	{
		"name" : "eq~",
		"slots" : 		{
			"1" : 			{
				"id" : 1,
				"data" : 				{
					"effect" : [ 1.0 ],
					"off_mode" : [ 0.0 ],
					"fade_in" : [ 250.0 ],
					"fade_out" : [ 250.0 ],
					"mode" : [ 2.0 ],
					"dry_wet" : [ 100.0 ],
					"nfilters" : [ 1.0 ],
					"filtergraph" : [ 1, 0, 2, 1, 0, 0, 280.2191162109375, 0.618388772010803, 1.630071997642517 ]
				}

			}

		}

	}

}
